주소,위도,경도
서울특별시 강동구 양재대로 1335,37.5312359,127.138644
서울특별시 강동구 양재대로98길 43,37.5311322,127.1390808
서울특별시 강동구 양재대로 1335,37.5312359,127.138644
서울특별시 강동구 동남로67길 30,37.5487787,127.1540974
서울특별시 강동구 동남로75길 13-25,37.553735,127.1557531
서울특별시 강동구 상암로 214,37.5480751,127.1300518
서울특별시 강동구 천중로15길 20,37.5462354,127.1283914
서울특별시 강동구 천호대로176길 33,37.5341395,127.135482
서울특별시 강동구 고덕로62길 27,37.5529581,127.1528256
서울특별시 강동구 구천면로 355,37.5502967,127.140397
서울특별시 강동구 명일로 212,37.55213,127.14981
서울특별시 강동구 양재대로 1383,37.5312359,127.138644
서울특별시 강동구 동남로81길 20,37.5596187,127.1530782
서울특별시 강동구 명일로 210,37.55213,127.14981
서울특별시 강동구 명일로 189,37.55213,127.14981
서울특별시 강동구 명일로 171,37.55213,127.14981
서울특별시 강동구 양재대로134길 51,37.5477244,127.1461604
서울특별시 강동구 풍성로 247,37.5318631,127.1274564
서울특별시 강동구 양재대로81길 39,37.523526,127.1317008
서울특별시 강동구 고덕로62길 48,37.5529581,127.1528256
서울특별시 강동구 구천면로 498-1,37.5502967,127.140397
서울특별시 강동구 동남로75길 13-15,37.553735,127.1557531
서울특별시 강동구 고덕로38길 47,37.5527288,127.1426658
서울특별시 강동구 천중로15가길 4,37.5465908,127.1290027
서울특별시 강동구 양재대로128길 42,37.5444639,127.145278
서울특별시 강동구 양재대로 1313,37.5312359,127.138644
서울특별시 강동구 천중로43길 34,37.5434199,127.1413807
서울특별시 강동구 동남로83길 73,37.5601515,127.1541444
서울특별시 강동구 상암로 210,37.5480751,127.1300518
서울특별시 강동구 동남로82길 91,37.5609074,127.1577464
서울특별시 강동구 명일로16길 3,37.5372266,127.1471018
서울특별시 강동구 구천면로 492,37.5502967,127.140397
서울특별시 강동구 구천면로 508,37.5502967,127.140397
서울특별시 강동구 고덕로27길 27,37.5571286,127.1379827
서울특별시 강동구 상암로 11,37.54750065,127.1586603
서울특별시 강동구 풍성로 160,37.5318631,127.1274564
서울특별시 강동구 동남로71길 32,37.55232055,127.1541935
서울특별시 강동구 명일로 375,37.55213,127.14981
서울특별시 강동구 올림픽로 818,37.5385448,127.1234736
서울특별시 강동구 명일로 212,37.55213,127.14981
서울특별시 강동구 양재대로85길 38,37.5248662,127.1322197
서울특별시 강동구 구천면로 496,37.5502967,127.140397
서울특별시 강동구 고덕로 133,37.5548007,127.1394501
서울특별시 강동구 동남로81길 64,37.5596187,127.1530782
서울특별시 강동구 풍성로 136,37.5318631,127.1274564
서울특별시 강동구 동남로71길 38,37.5517534,127.1543327
서울특별시 강동구 고덕로 254,37.5543004,127.1430187
서울특별시 강동구 천호대로193길 36,37.5364986,127.1439193
서울특별시 강동구 구천면로 428,37.5502967,127.140397
서울특별시 강동구 동남로81길 76,37.5596187,127.1530782
서울특별시 강동구 동남로71길 38,37.5517534,127.1543327
서울특별시 강동구 동남로71길 38,37.5517534,127.1543327
서울특별시 강동구 명일로 375,37.55213,127.14981
서울특별시 강동구 양재대로116길 46,37.5380392,127.1433706
서울특별시 강동구 천중로15길 20,37.5462354,127.1283914
서울특별시 강동구 천중로35길 67,37.5424682,127.1377329
서울특별시 강동구 구천면로 424,37.5499148,127.1459899
서울특별시 강동구 양재대로 1603,37.5312359,127.138644
서울특별시 강동구 상암로63길 30,37.5477013,127.1540315
서울특별시 강동구 동남로 877,37.5327185,127.1501592
서울특별시 강동구 아리수로98길 25,37.5648382,127.1781455
서울특별시 강동구 풍성로67길 51,37.5276817,127.1405436
서울특별시 강동구 고덕로 97,37.5543004,127.1430187
서울특별시 강동구 양재대로89길 17,37.5273921,127.1324983
서울특별시 강동구 동남로65길 17,37.5482834,127.1534894
서울특별시 강동구 성안로7길 55,37.5283133,127.1286587
서울특별시 강동구 천호대로219길 104,37.5481094,127.170782
서울특별시 강동구 올림픽로 820,37.5385448,127.1234736
서울특별시 강동구 상암로61길 46,37.54777,127.15257
서울특별시 강동구 양재대로83길 18,37.5236704,127.1325453
서울특별시 강동구 고덕로62길 48,37.5529581,127.1528256
서울특별시 강동구 상암로3길 18,37.552662,127.1273471
서울특별시 강동구 동남로71길 20-9,37.5517534,127.1543327
서울특별시 강동구 고덕로10길 26,37.5533547,127.1299045
서울특별시 강동구 고덕로14길 67,37.5527045,127.1313619
서울특별시 강동구 동남로73길 31,37.5528802,127.1552384
서울특별시 강동구 양재대로89길 27,37.5273921,127.1324983
서울특별시 강동구 동남로81길 78,37.5596187,127.1530782
서울특별시 강동구 올림픽로 727,37.5385448,127.1234736
서울특별시 강동구 동남로67길 49,37.5487787,127.1540974
서울특별시 강동구 동남로71길 14,37.5517534,127.1543327
서울특별시 강동구 천호대로199길 10,37.5365261,127.1482178
서울특별시 강동구 동남로75길 13-21,37.553735,127.1557531
서울특별시 강동구 구천면로 510,37.55076675,127.1664518
서울특별시 강동구 진황도로 167-7,37.5244692,127.1458976
서울특별시 강동구 고덕로38길 26,37.5527288,127.1426658
서울특별시 강동구 상암로61길 40,37.54777,127.15257
서울특별시 강동구 동남로75길 13-25,37.553735,127.1557531
서울특별시 강동구 양재대로115길 43,37.5392477,127.1382699
서울특별시 강동구 명일로 176,37.55213,127.14981
서울특별시 강동구 양재대로 1708,37.5312359,127.138644
서울특별시 강동구 동남로71길 20-9,37.5517534,127.1543327
서울특별시 강동구 고덕로 133,37.5548007,127.1394501
서울특별시 강동구 동남로 891,37.5327185,127.1501592
서울특별시 강동구 성내로 77,37.52893,127.12503
서울특별시 강동구 구천면로 510,37.55076675,127.1664518
서울특별시 강동구 동남로73길 26,37.5528802,127.1552384
서울특별시 강동구 동남로73길 26,37.5528802,127.1552384
서울특별시 강동구 고덕로 256,37.5543004,127.1430187
서울특별시 강동구 상암로 11,37.54750065,127.1586603
서울특별시 강동구 동남로 877,37.5327185,127.1501592
서울특별시 강동구 양재대로 1558,37.5312359,127.138644
서울특별시 강동구 천호옛12길 52,37.5348243,127.1260646
서울특별시 강동구 양재대로116길 50,37.5380392,127.1433706
서울특별시 강동구 양재대로89길 57,37.5273921,127.1324983
서울특별시 강동구 양재대로89가길 69,37.5244081,127.1341549
서울특별시 강동구 풍성로67길 49,37.5276817,127.1405436
서울특별시 강동구 구천면로41길 72,37.5463126,127.1336285
서울특별시 강동구 풍성로 128,37.5318631,127.1274564
서울특별시 강동구 명일로 104,37.55213,127.14981
서울특별시 강동구 구천면로47길 82,37.5497155,127.1354986
서울특별시 강동구 고덕로 101,37.5543004,127.1430187
서울특별시 강동구 상일로5길 31,37.5499728,127.1725978
서울특별시 강동구 천중로 207,37.5454113,127.1309432
서울특별시 강동구 아리수로97길 20,37.5668453,127.1777735
서울특별시 강동구 고덕로 256,37.5543004,127.1430187
서울특별시 강동구 양재대로138길 47,37.5495645,127.1458456
서울특별시 강동구 양재대로 1319,37.5312359,127.138644
서울특별시 강동구 동남로73길 26,37.5528802,127.1552384
서울특별시 강동구 풍성로 150,37.5318631,127.1274564
서울특별시 강동구 고덕로61길 35,37.55703,127.15258
서울특별시 강동구 성안로 199,37.53206,127.13276
서울특별시 강동구 고덕로 140,37.5543004,127.1430187
서울특별시 강동구 양재대로 1339,37.5312359,127.138644
서울특별시 강동구 동남로71길 32,37.55232055,127.1541935
서울특별시 강동구 고덕로 256,37.5543004,127.1430187
서울특별시 강동구 명일로 250,37.55213,127.14981
서울특별시 강동구 고덕로38길 64,37.5527288,127.1426658
서울특별시 강동구 동남로71길 20,37.5517534,127.1543327
서울특별시 강동구 양재대로89가길 69,37.5244081,127.1341549
서울특별시 강동구 풍성로37길 39,37.5335382,127.1270236
서울특별시 강동구 동남로85길 48,37.5611198,127.1540498
서울특별시 강동구 구천면로13길 26,37.5432492,127.122979
서울특별시 강동구 구천면로 508-1,37.5502967,127.140397
서울특별시 강동구 양재대로89길 36,37.5273921,127.1324983
서울특별시 강동구 천중로39길 40,37.5422462,127.1384492
서울특별시 강동구 천호대로199길 19,37.5365261,127.1482178
서울특별시 강동구 상암로5길 83,37.5525546,127.1278186
서울특별시 강동구 고덕로27길 19,37.5571286,127.1379827
서울특별시 강동구 천호대로199길 19,37.5365261,127.1482178
서울특별시 강동구 고덕로 133,37.5548007,127.1394501
서울특별시 강동구 동남로71길 14,37.5517534,127.1543327
서울특별시 강동구 고덕로 133,37.5548007,127.1394501
서울특별시 강동구 상일로 41,37.553051,127.1723493
서울특별시 강동구 천중로43길 72,37.5434199,127.1413807
서울특별시 강동구 상일로 152,37.553051,127.1723493
서울특별시 강동구 암사길 37,37.552223,127.1375409
서울특별시 강동구 명일로 197,37.55213,127.14981
서울특별시 강동구 고덕로 133,37.5548007,127.1394501
서울특별시 강동구 아리수로93길 33-9,37.5678404,127.1737057
서울특별시 강동구 양재대로 1603,37.5312359,127.138644
서울특별시 강동구 동남로71길 14,37.5517534,127.1543327
서울특별시 강동구 성내로9길 39,37.530617,127.1250699
서울특별시 강동구 고덕로27길 28,37.5558389,127.1380381
서울특별시 강동구 구천면로100길 18,37.5495082,127.1717683
서울특별시 강동구 양재대로96길 79,37.5291727,127.1396958
서울특별시 강동구 천중로 155,37.5454113,127.1309432
서울특별시 강동구 양재대로138길 32,37.5495645,127.1458456
서울특별시 강동구 상암로51길 61,37.5483808,127.1462538
서울특별시 강동구 동남로75길 13-25,37.553735,127.1557531
서울특별시 강동구 풍성로 135,37.5318631,127.1274564
서울특별시 강동구 상암로 11,37.54750065,127.1586603
서울특별시 강동구 명일로 229,37.5392251,127.1462154
서울특별시 강동구 고덕로 133,37.5548007,127.1394501
서울특별시 강동구 구천면로 303,37.5502967,127.140397
서울특별시 강동구 고덕로 140,37.5543004,127.1430187
서울특별시 강동구 구천면로 428,37.5502967,127.140397
서울특별시 강동구 명일로 199-5,37.55213,127.14981
서울특별시 강동구 풍성로 162,37.5318631,127.1274564
서울특별시 강동구 암사길 49,37.552223,127.1375409
서울특별시 강동구 풍성로 135,37.5318631,127.1274564
서울특별시 강동구 성안로 201,37.53206,127.13276
서울특별시 강동구 양재대로 1311,37.5312359,127.138644
서울특별시 강동구 구천면로 429-11,37.5502967,127.140397
서울특별시 강동구 양재대로96길 79,37.5291727,127.1396958
서울특별시 강동구 상암로63길 26,37.5477013,127.1540315
서울특별시 강동구 양재대로121길 32,37.5427677,127.1395733
서울특별시 강동구 고덕로 108-5,37.5543004,127.1430187
서울특별시 강동구 고덕로 101,37.5543004,127.1430187
서울특별시 강동구 고덕로 140,37.5543004,127.1430187
서울특별시 강동구 구천면로 269-1,37.5502967,127.140397
서울특별시 강동구 풍성로38길 9,37.530272,127.1243638
서울특별시 강동구 양재대로89가길 69,37.5244081,127.1341549
서울특별시 강동구 풍성로65길 39,37.5302289,127.1417696
서울특별시 강동구 아리수로93길 33-9,37.5678404,127.1737057
서울특별시 강동구 고덕로 133,37.5548007,127.1394501
서울특별시 강동구 구천면로 456,37.5502967,127.140397
서울특별시 강동구 상암로 11,37.54750065,127.1586603
서울특별시 강동구 구천면로 278,37.5502967,127.140397
서울특별시 강동구 동남로71길 32,37.55232055,127.1541935
서울특별시 강동구 풍성로37길 39,37.5335382,127.1270236
서울특별시 강동구 양재대로 1313,37.5312359,127.138644
서울특별시 강동구 동남로81길 96,37.5596187,127.1530782
서울특별시 강동구 양재대로 1313,37.5312359,127.138644
서울특별시 강동구 동남로75길 13-21,37.553735,127.1557531
서울특별시 강동구 동남로75길 29,37.553735,127.1557531
서울특별시 강동구 동남로67길 37,37.5487787,127.1540974
서울특별시 강동구 동남로65길 54,37.5482834,127.1534894
서울특별시 강동구 양재대로 1708,37.5312359,127.138644
서울특별시 강동구 양재대로 1307,37.5312359,127.138644
서울특별시 강동구 동남로71길 32,37.55232055,127.1541935
서울특별시 강동구 풍성로54길 56,37.5283791,127.1335173
서울특별시 강동구 양재대로138길 32,37.5495645,127.1458456
서울특별시 강동구 고덕로27길 28,37.5558389,127.1380381
서울특별시 강동구 고덕로 133,37.5548007,127.1394501
서울특별시 강동구 상암로63길 48,37.5477013,127.1540315
서울특별시 강동구 성안로 170,37.53206,127.13276
서울특별시 강동구 양재대로 1377,37.5312359,127.138644
서울특별시 강동구 풍성로37길 36,37.5334821,127.126382
서울특별시 강동구 고덕로 133,37.5548007,127.1394501
서울특별시 강동구 고덕로 133,37.5548007,127.1394501
서울특별시 강동구 양재대로 1349,37.5312359,127.138644
서울특별시 강동구 동남로81길 58,37.5596187,127.1530782
서울특별시 강동구 명일로 263,37.55213,127.14981
서울특별시 강동구 고덕로 256,37.5543004,127.1430187
서울특별시 강동구 동남로73길 26,37.5528802,127.1552384
서울특별시 강동구 고덕로 133,37.5548007,127.1394501
서울특별시 강동구 아리수로93길 9,37.5649416,127.1739152
서울특별시 강동구 아리수로93길 9,37.5649416,127.1739152
서울특별시 강동구 고덕로 256,37.5543004,127.1430187
서울특별시 강동구 동남로71길 32,37.55232055,127.1541935
서울특별시 강동구 올림픽로91길 41-3,37.5483773,127.1246525
서울특별시 강동구 성내로6가길 89,37.5269122,127.1242873
서울특별시 강동구 양재대로 1313,37.5312359,127.138644
서울특별시 강동구 동남로71길 20-9,37.5517534,127.1543327
서울특별시 강동구 동남로75길 13-15,37.553735,127.1557531
서울특별시 강동구 아리수로98길 25,37.5648382,127.1781455
서울특별시 강동구 고덕로 133,37.5548007,127.1394501
서울특별시 강동구 풍성로 245,37.5318631,127.1274564
서울특별시 강동구 구천면로 278,37.5502967,127.140397
서울특별시 강동구 구천면로 424,37.5499148,127.1459899
서울특별시 강동구 양재대로128길 42,37.5444639,127.145278
서울특별시 강동구 고덕로 133,37.5548007,127.1394501
서울특별시 강동구 동남로67길 44,37.5487787,127.1540974
서울특별시 강동구 양재대로 1371,37.5312359,127.138644
서울특별시 강동구 아리수로 427,37.55978,127.14537
서울특별시 강동구 동남로73길 26,37.5528802,127.1552384
서울특별시 강동구 동남로67길 49,37.5487787,127.1540974
서울특별시 강동구 양재대로 1367,37.5312359,127.138644
서울특별시 강동구 동남로75길 13-21,37.553735,127.1557531
서울특별시 강동구 천중로17길 45,37.5469869,127.1307324
서울특별시 강동구 상일로12길 99,37.5537796,127.1725251
서울특별시 강동구 고덕로 133,37.5548007,127.1394501
서울특별시 강동구 천중로17길 45,37.5469869,127.1307324
서울특별시 강동구 성안로 14,37.53206,127.13276
서울특별시 강동구 상암로61길 50,37.54777,127.15257
서울특별시 강동구 양재대로 1618,37.5312359,127.138644
서울특별시 강동구 천중로35길 67,37.5424682,127.1377329
서울특별시 강동구 동남로65길 46,37.5482834,127.1534894
서울특별시 강동구 양재대로 1666,37.5312359,127.138644
서울특별시 강동구 구천면로 656,37.5502967,127.140397
서울특별시 강동구 성안로 183,37.53206,127.13276
서울특별시 강동구 명일로 176,37.55213,127.14981
서울특별시 강동구 명일로 176,37.55213,127.14981
서울특별시 강동구 명일로 176,37.55213,127.14981
서울특별시 강동구 상암로 214,37.5480751,127.1300518
서울특별시 강동구 강동대로53길 77,37.525568,127.1317124
서울특별시 강동구 양재대로85길 86,37.5248662,127.1322197
서울특별시 강동구 양재대로96길 8,37.5291727,127.1396958
서울특별시 강동구 동남로71길 32,37.55232055,127.1541935
서울특별시 강동구 풍성로 130,37.5318631,127.1274564
서울특별시 강동구 풍성로61길 36,37.5300177,127.1387754
서울특별시 강동구 상암로 11,37.54750065,127.1586603
서울특별시 강동구 천호대로187길 49,37.5378721,127.1421032
서울특별시 강동구 동남로71길 24,37.5517534,127.1543327
서울특별시 강동구 구천면로 310-9,37.5502967,127.140397
서울특별시 강동구 고덕로 133,37.5548007,127.1394501
서울특별시 강동구 동남로71길 32,37.55232055,127.1541935
서울특별시 강동구 풍성로37길 23,37.5334821,127.126382
서울특별시 강동구 아리수로93길 40,37.5678404,127.1737057
서울특별시 강동구 고덕로 133,37.5548007,127.1394501
서울특별시 강동구 양재대로 1335,37.5312359,127.138644
서울특별시 강동구 구천면로17길 31,37.5429329,127.1236683
서울특별시 강동구 상암로 11,37.54750065,127.1586603
서울특별시 강동구 상암로 209,37.5480751,127.1300518
서울특별시 강동구 상암로61길 42,37.54777,127.15257
서울특별시 강동구 양재대로81길 39,37.523526,127.1317008
서울특별시 강동구 동남로81길 76,37.5596187,127.1530782
서울특별시 강동구 성내로9길 35,37.530617,127.1250699
서울특별시 강동구 성안로 201,37.53206,127.13276
서울특별시 강동구 양재대로87길 51,37.525568,127.1317124
서울특별시 강동구 아리수로50길 50,37.5588261,127.1488077
서울특별시 강동구 동남로75길 13-7,37.553735,127.1557531
서울특별시 강동구 고덕로46길 71,37.55143025,127.146269
서울특별시 강동구 고덕로 133,37.5548007,127.1394501
서울특별시 강동구 양재대로 1638,37.5312359,127.138644
서울특별시 강동구 동남로81길 88,37.5596187,127.1530782
서울특별시 강동구 동남로81길 88,37.5596187,127.1530782
서울특별시 강동구 구천면로 293,37.5502967,127.140397
서울특별시 강동구 아리수로50길 50,37.5588261,127.1488077
서울특별시 강동구 명일로 261,37.55213,127.14981
서울특별시 강동구 천중로15가길 1,37.5465908,127.1290027
서울특별시 강동구 양재대로91길 71,37.5283791,127.1335173
서울특별시 강동구 아리수로50길 50,37.5588261,127.1488077
서울특별시 강동구 올림픽로93길 36,37.5502366,127.1240839
서울특별시 강동구 구천면로 494-1,37.5502967,127.140397
서울특별시 강동구 양재대로89가길 58,37.5244081,127.1341549
서울특별시 강동구 동남로71길 38,37.5517534,127.1543327
서울특별시 강동구 성안로 13,37.53206,127.13276
서울특별시 강동구 동남로49길 60,37.5325157,127.1481265
서울특별시 강동구 구천면로 383,37.5508644,127.1413822
서울특별시 강동구 고덕로20가길 14-21,37.5531672,127.1351886
서울특별시 강동구 고덕로 133,37.5548007,127.1394501
서울특별시 강동구 상암로 11,37.54750065,127.1586603
서울특별시 강동구 아리수로50길 50,37.5588261,127.1488077
서울특별시 강동구 아리수로50길 50,37.5588261,127.1488077
서울특별시 강동구 고덕로 133,37.5548007,127.1394501
서울특별시 강동구 아리수로50길 50,37.5588261,127.1488077
서울특별시 강동구 양재대로 1307,37.5312359,127.138644
서울특별시 강동구 구천면로 494-1,37.5502967,127.140397
서울특별시 강동구 양재대로 1377,37.5312359,127.138644
서울특별시 강동구 동남로65길 6,37.5482834,127.1534894
서울특별시 강동구 성안로 201,37.53206,127.13276
서울특별시 강동구 고덕로 133,37.5548007,127.1394501
서울특별시 강동구 동남로65길 46,37.5482834,127.1534894
서울특별시 강동구 천중로5길 33,37.5466584,127.1237846
서울특별시 강동구 고덕로 133,37.5548007,127.1394501
서울특별시 강동구 동남로67길 43,37.5487787,127.1540974
서울특별시 강동구 명일로 171,37.55213,127.14981
서울특별시 강동구 아리수로93가길 25,37.5690627,127.1721453
서울특별시 강동구 고덕로 110,37.5543004,127.1430187
서울특별시 강동구 아리수로68길 44,37.5613814,127.1565809
서울특별시 강동구 양재대로89길 32,37.5273921,127.1324983
서울특별시 강동구 상암로41길 9,37.5496158,127.1404872
서울특별시 강동구 동남로75길 13-7,37.553735,127.1557531
서울특별시 강동구 상암로12길 20,37.5483168,127.1280777
서울특별시 강동구 상암로 11,37.54750065,127.1586603
서울특별시 강동구 구천면로 656,37.5502967,127.140397
서울특별시 강동구 풍성로 156-1,37.53199,127.12516
서울특별시 강동구 성안로9길 40,37.5284932,127.1306253
서울특별시 강동구 고덕로 89,37.5543004,127.1430187
서울특별시 강동구 상일로 43,37.553051,127.1723493
서울특별시 강동구 천중로53길 9,37.5424008,127.1456229
서울특별시 강동구 동남로81길 100,37.5596187,127.1530782
서울특별시 강동구 구천면로 504,37.5502967,127.140397
서울특별시 강동구 동남로67길 44,37.5487787,127.1540974
서울특별시 강동구 아리수로 421,37.55978,127.14537
서울특별시 강동구 동남로49길 67-18,37.5325157,127.1481265
서울특별시 강동구 동남로79길 26,37.5575905,127.1542149
서울특별시 강동구 고덕로 140,37.5543004,127.1430187
서울특별시 강동구 고덕로 133,37.5548007,127.1394501
서울특별시 강동구 고덕로 140,37.5543004,127.1430187
서울특별시 강동구 진황도로 180,37.5244692,127.1458976
서울특별시 강동구 동남로75길 13-25,37.553735,127.1557531
서울특별시 강동구 암사길 110,37.552223,127.1375409
서울특별시 강동구 동남로67길 43,37.5487787,127.1540974
서울특별시 강동구 암사길 110,37.552223,127.1375409
서울특별시 강동구 동남로67길 41,37.5487787,127.1540974
서울특별시 강동구 고덕로 140,37.5543004,127.1430187
서울특별시 강동구 동남로67길 49,37.5487787,127.1540974
서울특별시 강동구 올림픽로104길 29,37.5555704,127.1310095
서울특별시 강동구 동남로75길 13-25,37.553735,127.1557531
서울특별시 강동구 고덕로 162,37.5543004,127.1430187
서울특별시 강동구 풍성로 113-1,37.53199,127.12516
서울특별시 강동구 고덕로 140,37.5543004,127.1430187
서울특별시 강동구 동남로79길 26,37.5575905,127.1542149
서울특별시 강동구 성안로 71,37.53206,127.13276
서울특별시 강동구 풍성로61길 40,37.5300177,127.1387754
서울특별시 강동구 고덕로 133,37.5548007,127.1394501
서울특별시 강동구 양재대로 1604,37.5312359,127.138644
서울특별시 강동구 상암로3길 8,37.552662,127.1273471
서울특별시 강동구 동남로71길 32,37.55232055,127.1541935
서울특별시 강동구 양재대로89가길 58,37.5244081,127.1341549
서울특별시 강동구 양재대로 1377,37.5312359,127.138644
서울특별시 강동구 아리수로93길 40,37.5678404,127.1737057
서울특별시 강동구 상암로3길 84,37.552662,127.1273471
서울특별시 강동구 성안로 22,37.53206,127.13276
서울특별시 강동구 양재대로91길 71,37.5283791,127.1335173
서울특별시 강동구 동남로67길 26,37.5487787,127.1540974
서울특별시 강동구 고덕로62길 27,37.5529581,127.1528256
서울특별시 강동구 고덕로 133,37.5548007,127.1394501
서울특별시 강동구 고덕로 133,37.5548007,127.1394501
서울특별시 강동구 상암로61길 46,37.54777,127.15257
서울특별시 강동구 상암로61길 36,37.54777,127.15257
서울특별시 강동구 동남로75길 13-15,37.553735,127.1557531
서울특별시 강동구 양재대로 1665,37.5312359,127.138644
서울특별시 강동구 명일로 276,37.55213,127.14981
서울특별시 강동구 양재대로128길 60,37.5444639,127.145278
서울특별시 강동구 고덕로62길 27,37.5529581,127.1528256
서울특별시 강동구 고덕로 353,37.5543004,127.1430187
서울특별시 강동구 상암로39길 24,37.5485624,127.1403289
서울특별시 강동구 동남로82길 121,37.5609074,127.1577464
서울특별시 강동구 천중로15가길 7,37.5465908,127.1290027
서울특별시 강동구 양재대로 1607,37.5312359,127.138644
서울특별시 강동구 양재대로 1645,37.5312359,127.138644
서울특별시 강동구 고덕로 133,37.5548007,127.1394501
서울특별시 강동구 고덕로 158,37.5543004,127.1430187
서울특별시 강동구 고덕로 353,37.5543004,127.1430187
서울특별시 강동구 성안로 170,37.53206,127.13276
서울특별시 강동구 성안로7길 35,37.5283133,127.1286587
서울특별시 강동구 고덕로 133,37.5548007,127.1394501
서울특별시 강동구 아리수로50길 50,37.5588261,127.1488077
서울특별시 강동구 성내로14길 37,37.5260842,127.1261315
서울특별시 강동구 고덕로 256,37.5543004,127.1430187
서울특별시 강동구 고덕로 133,37.5548007,127.1394501
서울특별시 강동구 고덕로80길 123,37.5518119,127.1652728
서울특별시 강동구 상암로 11,37.54750065,127.1586603
서울특별시 강동구 상일로12길 95,37.5537796,127.1725251
서울특별시 강동구 양재대로 1706,37.5312359,127.138644
서울특별시 강동구 풍성로 106,37.5318631,127.1274564
서울특별시 강동구 고덕로 133,37.5548007,127.1394501
서울특별시 강동구 양재대로138길 32,37.5495645,127.1458456
서울특별시 강동구 양재대로138길 32,37.5495645,127.1458456
서울특별시 강동구 고덕로27길 28,37.5558389,127.1380381
서울특별시 강동구 고덕로79길 29,37.5613851,127.1657988
서울특별시 강동구 고덕로83길 28,37.5614902,127.168897
서울특별시 강동구 고덕로 110,37.5543004,127.1430187
서울특별시 강동구 명일로 248,37.55213,127.14981
서울특별시 강동구 고덕로79길 29,37.5613851,127.1657988
서울특별시 강동구 아리수로97길 68,37.5680651,127.1770297
서울특별시 강동구 아리수로50길 50,37.5588261,127.1488077
서울특별시 강동구 고덕로80길 123,37.5518119,127.1652728
서울특별시 강동구 아리수로50길 50,37.5588261,127.1488077
서울특별시 강동구 아리수로97길 68,37.5680651,127.1770297
서울특별시 강동구 동남로73길 13,37.5528802,127.1552384
서울특별시 강동구 양재대로134길 43,37.5477244,127.1461604
서울특별시 강동구 동남로67길 16,37.5487787,127.1540974
서울특별시 강동구 천중로39길 13,37.5422462,127.1384492
서울특별시 강동구 천호대로162길 68-3,37.5342573,127.1278158
서울특별시 강동구 고덕로20라길 19,37.5525308,127.1346159
서울특별시 강동구 고덕로 133,37.5548007,127.1394501
서울특별시 강동구 고덕로83길 26,37.5614902,127.168897
서울특별시 강동구 고덕로80길 123,37.5518119,127.1652728
서울특별시 강동구 고덕로 133,37.5548007,127.1394501
서울특별시 강동구 고덕로 353,37.5543004,127.1430187
서울특별시 강동구 고덕로 133,37.5548007,127.1394501
서울특별시 강동구 아리수로50길 50,37.5588261,127.1488077
서울특별시 강동구 동남로75길 13-7,37.553735,127.1557531
서울특별시 강동구 동남로82길 120,37.5609074,127.1577464
서울특별시 강동구 상암로61길 36,37.54777,127.15257
서울특별시 강동구 고덕로25길 13,37.5555465,127.1364718
서울특별시 강동구 고덕로79길 29,37.5613851,127.1657988
서울특별시 강동구 아리수로 427,37.55978,127.14537
서울특별시 강동구 동남로75길 13-7,37.553735,127.1557531
서울특별시 강동구 동남로75길 13-7,37.553735,127.1557531
서울특별시 강동구 구천면로 640,37.5502967,127.140397
서울특별시 강동구 상일로12길 54-1,37.5537796,127.1725251
서울특별시 강동구 성안로 162,37.53206,127.13276
서울특별시 강동구 고덕로 399,37.5543004,127.1430187
서울특별시 강동구 고덕로83길 28,37.5614902,127.168897
서울특별시 강동구 명일로10나길 28,37.5317693,127.144614
서울특별시 강동구 상일로 55,37.553051,127.1723493
서울특별시 강동구 고덕로62길 66,37.5529581,127.1528256
서울특별시 강동구 고덕로 133,37.5548007,127.1394501
서울특별시 강동구 아리수로93길 9,37.5649416,127.1739152
서울특별시 강동구 구천면로100길 4,37.5495082,127.1717683
서울특별시 강동구 고덕로79길 29,37.5613851,127.1657988
서울특별시 강동구 고덕로13길 20,37.5555704,127.1310095
서울특별시 강동구 고덕로 399,37.5543004,127.1430187
서울특별시 강동구 동남로65길 12,37.5482834,127.1534894
서울특별시 강동구 고덕로80길 123,37.5518119,127.1652728
서울특별시 강동구 고덕로 133,37.5548007,127.1394501
서울특별시 강동구 구천면로 442,37.5502967,127.140397
서울특별시 강동구 구천면로 418,37.5502967,127.140397
서울특별시 강동구 고덕로46길 85,37.5521734,127.1461969
서울특별시 강동구 고덕로 266,37.5543004,127.1430187
서울특별시 강동구 아리수로50길 50,37.5588261,127.1488077
서울특별시 강동구 상암로 125,37.5480751,127.1300518
서울특별시 강동구 고덕로80길 123,37.5518119,127.1652728
서울특별시 강동구 고덕로46길 71,37.55143025,127.146269
서울특별시 강동구 구천면로 428,37.5502967,127.140397
서울특별시 강동구 상일로 55,37.553051,127.1723493
서울특별시 강동구 동남로82길 120,37.5609074,127.1577464
서울특별시 강동구 양재대로 1339,37.5312359,127.138644
서울특별시 강동구 상일로12길 95,37.5537796,127.1725251
서울특별시 강동구 천호대로199길 10,37.5365261,127.1482178
서울특별시 강동구 올림픽로100길 30,37.5521171,127.1298806
서울특별시 강동구 고덕로 256,37.5543004,127.1430187
서울특별시 강동구 고덕로 266,37.5543004,127.1430187
서울특별시 강동구 동남로67길 38,37.5487787,127.1540974
서울특별시 강동구 상암로12길 20,37.5483168,127.1280777
서울특별시 강동구 명일로 375,37.55213,127.14981
서울특별시 강동구 고덕로 256,37.5543004,127.1430187
서울특별시 강동구 고덕로 266,37.5543004,127.1430187
서울특별시 강동구 고덕로 133,37.5548007,127.1394501
서울특별시 강동구 상일로15길 34-10,37.5581681,127.1706342
서울특별시 강동구 풍성로63길 36-9,37.5304694,127.1394835
서울특별시 강동구 동남로67길 21,37.5487787,127.1540974
서울특별시 강동구 구천면로 427-8,37.5502967,127.140397
서울특별시 강동구 아리수로 427,37.55978,127.14537
서울특별시 강동구 양재대로 1339,37.5312359,127.138644
서울특별시 강동구 구천면로 428,37.5502967,127.140397
서울특별시 강동구 양재대로81길 32,37.523526,127.1317008
서울특별시 강동구 고덕로 140,37.5543004,127.1430187
서울특별시 강동구 양재대로 1666,37.5312359,127.138644
서울특별시 강동구 고덕로 133,37.5548007,127.1394501
서울특별시 강동구 양재대로 1339,37.5312359,127.138644
서울특별시 강동구 동남로71길 24,37.5517534,127.1543327
서울특별시 강동구 동남로81길 74,37.5596187,127.1530782
서울특별시 강동구 상암로 11,37.54750065,127.1586603
서울특별시 강동구 고덕로97길 20,37.562989,127.1792819
서울특별시 강동구 고덕로 353,37.5543004,127.1430187
서울특별시 강동구 동남로81길 86,37.5596187,127.1530782
서울특별시 강동구 상일로 55,37.553051,127.1723493
서울특별시 강동구 동남로81길 20,37.5596187,127.1530782
서울특별시 강동구 동남로71길 38,37.5517534,127.1543327
서울특별시 강동구 구천면로 391,37.5502967,127.140397
서울특별시 강동구 고덕로 427,37.5543004,127.1430187
서울특별시 강동구 고덕로 256,37.5543004,127.1430187
서울특별시 강동구 명일로 263-1,37.55213,127.14981
서울특별시 강동구 구천면로98길 8,37.5497722,127.17126
서울특별시 강동구 천호대로 1216,37.5382925,127.1248448
서울특별시 강동구 고덕로 399,37.5543004,127.1430187
서울특별시 강동구 동남로71길 14,37.5517534,127.1543327
서울특별시 강동구 양재대로89가길 69,37.5244081,127.1341549
서울특별시 강동구 양재대로96길 79,37.5291727,127.1396958
서울특별시 강동구 천중로38가길 15-1,37.5395145,127.1371782
서울특별시 강동구 명일로 212,37.55213,127.14981
서울특별시 강동구 명일로10길 7,37.5319488,127.1453093
서울특별시 강동구 아리수로93길 33,37.5678404,127.1737057
서울특별시 강동구 구천면로 428,37.5502967,127.140397
서울특별시 강동구 구천면로 514,37.5502967,127.140397
서울특별시 강동구 성안로 24,37.5290105,127.131279
서울특별시 강동구 상암로 209,37.5480751,127.1300518
서울특별시 강동구 동남로71길 20-9,37.5517534,127.1543327
서울특별시 강동구 동남로71길 38,37.5517534,127.1543327
서울특별시 강동구 동남로71길 38,37.5517534,127.1543327
서울특별시 강동구 상암로 29,37.5480751,127.1300518
서울특별시 강동구 명일로 148,37.55213,127.14981
서울특별시 강동구 동남로71길 14,37.5517534,127.1543327
서울특별시 강동구 성내로9길 35,37.530617,127.1250699
서울특별시 강동구 동남로73길 26,37.5528802,127.1552384
서울특별시 강동구 상암로3길 81,37.552662,127.1273471
서울특별시 강동구 명일로10길 23,37.5319488,127.1453093
서울특별시 강동구 명일로 214,37.55213,127.14981
서울특별시 강동구 올림픽로 821,37.5385448,127.1234736
서울특별시 강동구 동남로67길 4,37.5487787,127.1540974
서울특별시 강동구 동남로75길 13-15,37.553735,127.1557531
서울특별시 강동구 상일로 152,37.553051,127.1723493
서울특별시 강동구 동남로71길 32,37.55232055,127.1541935
서울특별시 강동구 구천면로16길 33,37.5409746,127.1218944
서울특별시 강동구 동남로49길 63,37.5325157,127.1481265
서울특별시 강동구 고덕로38길 54,37.5527288,127.1426658
서울특별시 강동구 상암로3길 68,37.552662,127.1273471
서울특별시 강동구 구천면로 660,37.5502967,127.140397
